<?xml version="1.0" encoding="UTF-8" standalone="yes"?>
<manifest>
  <control namespace="BeverControls" constructor="DragAndDropArea" version="1.0.3" display-name-key="Drag_Drop" description-key="This control allows you to upload file(s) to Dynamics 365 as a note attachment by drag and drop." control-type="virtual" api-version="1.3.4">
    <external-service-usage enabled="false"/>
    <data-set name="sampleDataSet" display-name-key="Sample Data Set"/>
    <property name="noteTitle" display-name-key="Note Title" description-key="Title of each Note (can be bound to entity fields)" of-type="SingleLine.Text" usage="input"/>
    <property name="noteDescription" display-name-key="Note Description" description-key="Description of each Note (can be bound to entity fields)" of-type="SingleLine.Text" usage="input"/>
    <resources>
      <code path="bundle.js" order="1"/>
      <platform-library name="React" version="16.8.6"/>
      <platform-library name="Fluent" version="8.29.0"/>
      <css path="css/DragAndDropArea.css" order="1"/>
    </resources>
    <feature-usage>
      <uses-feature name="Utility" required="true"/>
      <uses-feature name="WebAPI" required="true"/>
    </feature-usage>
    <built-by name="pac" version="1.16.6"/>
  </control>
</manifest>